﻿State,County,Drug_deaths_16,ER_Visits_16,EMS_Narcan_16,Opioid_Prescription_Rate,Unemployment_Rate,Drug_deaths_15,Bup_Providers,ER_Visits_15,EMS Narcan_15,Population_16
Virginia,Accomack,0,10,5,0.508,4.8,0,3,12,0,32947
Virginia,Albemarle,0,95,5,0.491,3.3,0,3,87,0,106878
Virginia,Alexandria,0,104,72,0.272,2.9,0,13,86,34,155810
Virginia,Alleghany,0,24,0,0.704,4.9,0,1,24,0,15595
Virginia,Amelia,0,0,0,0.37,4,0,0,0,0,12913
Virginia,Amherst,0,7,0,0.62,4.2,0,2,13,0,31633
Virginia,Appomattox,0,0,0,0.967,4.5,0,0,5,0,15475
Virginia,Arlington,6,143,77,0.201,2.5,0,11,106,36,230050
Virginia,Augusta,0,0,0,0.159,3.4,0,2,0,0,74997
Virginia,Bath,0,0,0,0.011,3.3,0,0,0,0,4476
Virginia,Bedford,0,69,5,0.37,3.9,0,1,42,0,77960
Virginia,Bland,0,0,0,0.546,4.4,0,0,0,0,6513
Virginia,Botetourt,0,27,0,0.354,3.6,0,0,5,7,33231
Virginia,Bristol,0,0,0,1.61,4.6,0,0,0,0,16960
Virginia,Brunswick,0,0,0,0.179,5.5,0,1,0,0,16243
Virginia,Buchanan,0,25,0,1.386,7.6,5,0,24,0,22178
Virginia,Buckingham,0,5,0,0.018,5.4,0,0,0,0,17048
Virginia,Buena Vista City,0,0,0,0.811,4.4,0,0,0,0,6452
Virginia,Campbell,0,34,14,0.329,4.2,0,0,17,12,54952
Virginia,Caroline,0,36,6,0.32,4.3,0,0,35,,30178
Virginia,Carroll,0,5,0,0.358,4.7,0,0,7,5,29531
Virginia,Charles City,0,0,0,0,4.8,0,0,0,0,7071
Virginia,Charlotte,0,5,0,0.317,4.7,0,0,0,0,12129
Virginia,Charlottesville,0,61,14,0.441,3.1,0,8,64,16,46912
Virginia,Chesapeake,34,354,128,0.542,3.9,24,9,249,94,237940
Virginia,Chesterfield,50,426,179,0.563,3.6,17,27,376,128,339009
Virginia,Clarke,0,0,0,0.275,3.4,0,0,0,0,14374
Virginia,Colonial Heights,0,0,19,1.798,4.1,0,2,7,0,17772
Virginia,Covington,0,0,0,2.118,6.3,0,0,0,5,5518
Virginia,Craig,0,0,0,0.059,4.4,0,0,0,0,5158
Virginia,Culpeper,7,134,58,0.533,3.6,0,4,87,18,50083
Virginia,Cumberland,0,0,0,0.212,4.2,0,0,0,0,9652
Virginia,Danville,0,98,11,1.621,6,0,6,88,10,41898
Virginia,Dickenson,0,25,5,1.556,7.3,0,0,23,0,14968
Virginia,Dinwiddie,0,0,0,0.038,4.5,0,0,0,0,28144
Virginia,Emporia,0,0,0,2.19,5.5,0,0,0,0,5305
Virginia,Essex,0,8,0,0.878,5,0,0,11,0,11123
Virginia,Fairfax,91,1015,288,0.685,2.9,62,0,835,219,24164
Virginia,Fairfax City,0,0,11,0.249,3,0,94,0,5,1138652
Virginia,Falls Church,0,0,0,0.495,2.7,0,2,5,0,14014
Virginia,Fauquier,5,103,41,0.617,3.3,0,3,91,58,69069
Virginia,Floyd,0,0,0,0.349,3.7,0,1,0,0,15731
Virginia,Fluvanna,0,5,0,0.27,3.1,0,0,19,0,26271
Virginia,Franklin City,0,0,0,2.341,5.5,0,1,0,0,8306
Virginia,Franklin County,0,83,0,0.669,4,0,1,48,0,56069
Virginia,Frederick,5,54,51,0.504,3.2,0,3,35,25,84421
Virginia,Fredericksburg,0,38,12,1.356,4.3,5,5,26,22,28297
Virginia,Galax,0,23,5,3.451,4.5,0,1,11,5,6775
Virginia,Giles,0,6,0,0.981,4.7,0,0,0,0,16857
Virginia,Gloucester,0,45,12,0.89,3.4,0,1,46,5,37214
Virginia,Goochland,0,0,0,0.108,3.5,0,2,0,0,22668
Virginia,Grayson,0,6,0,0.198,4.3,0,0,0,0,15107
Virginia,Greene,0,31,9,0.66,3,0,1,18,22,19371
Virginia,Greensville,0,0,0,0,4.6,0,0,0,0,11706
Virginia,Halifax,0,12,0,0.703,5.2,0,1,0,0,34992
Virginia,Hampton,12,196,174,0.609,5.1,0,15,108,67,135410
Virginia,Hanover,0,133,0,0.737,3.3,0,2,113,11,104392
Virginia,Harrisonburg,0,25,7,1.058,4.5,0,3,23,13,53078
Virginia,Henrico,27,597,223,0.566,3.7,18,28,444,166,326501
Virginia,Henry,0,161,28,0.634,5,0,2,42,22,51445
Virginia,Highland,0,0,0,0,3.5,0,0,0,0,2216
Virginia,Hopewell,0,49,11,1.508,6.1,0,3,42,0,22735
Virginia,Isle of Wight,0,21,0,0.646,3.9,0,0,11,10,36596
Virginia,James City,0,73,0,0.804,3.6,0,13,72,0,74404
Virginia,King and Queen,0,0,0,0,3.6,0,0,0,0,7159
Virginia,King George,0,28,0,0.443,4,0,0,11,6,25984
Virginia,King William,0,6,0,0.298,3.5,0,0,18,0,16334
Virginia,Lancaster,0,11,0,1.253,5.5,0,0,0,0,10972
Virginia,Lee,0,17,0,1.326,5.5,0,2,5,0,24179
Virginia,Lexington,0,0,0,2.135,5.7,0,0,0,0,7045
Virginia,Loudoun,16,311,96,0.311,3,0,13,259,54,385945
Virginia,Louisa,0,61,15,0.419,3.5,0,1,31,26,35236
Virginia,Lunenburg,0,0,0,0.012,4.4,0,0,0,0,12273
Virginia,Lynchburg,0,101,69,0.933,5,0,16,102,81,80212
Virginia,Madison,0,8,0,0,2.9,0,0,0,0,13078
Virginia,Manassas City,0,41,31,0.881,3.4,0,5,22,5,41483
Virginia,Manassas Park,0,0,5,0,3.4,0,0,0,0,15915
Virginia,Martinsville,0,0,0,3.364,6.8,0,0,0,0,13445
Virginia,Mathews,0,0,0,0.501,3.8,0,0,0,0,8782
Virginia,Mecklenburg,0,30,0,0.839,5.3,0,2,18,0,30892
Virginia,Middlesex,0,0,0,0.031,3.4,0,0,0,0,10778
Virginia,Montgomery,0,48,0,0.532,3.8,0,13,85,,98602
Virginia,Nelson,0,6,0,0.179,3.5,0,0,8,0,14869
Virginia,New Kent,0,11,0,0.448,3.2,0,1,0,0,21147
Virginia,Newport News,25,295,180,0.498,4.7,8,14,267,137,181825
Virginia,Norfolk,69,379,55,0.539,4.7,41,12,263,20,245115
Virginia,Northampton,0,6,0,0.964,5.8,0,3,7,0,12139
Virginia,Northumberland,0,0,0,0.24,5.4,0,0,0,0,12222
Virginia,Norton,0,6,0,3.961,5.5,0,2,8,0,3864
Virginia,Nottoway,0,11,0,0.633,4,0,0,7,0,15595
Virginia,Orange,5,90,20,0.738,3.8,0,0,83,6,35533
Virginia,Page,0,9,0,0.758,5.3,0,0,26,0,23654
Virginia,Patrick,0,5,0,0.585,4.5,0,0,0,0,17923
Virginia,Petersburg,5,12,24,1.304,7.3,0,3,6,6,31882
Virginia,Pittsylvania,0,20,0,0.165,4.5,0,0,0,0,61687
Virginia,Poquoson,0,13,0,0.66,3.5,0,0,0,0,12017
Virginia,Portsmouth,21,254,131,0.838,5.4,0,6,181,77,95252
Virginia,Powhatan,0,30,0,0.418,3.3,0,1,35,6,28443
Virginia,Prince Edward,0,21,5,0.825,5,0,2,21,0,23142
Virginia,Prince George,0,0,0,0,4.4,0,0,0,0,37845
Virginia,Prince William,45,370,19,0.322,3.4,5,13,295,0,455210
Virginia,Pulaski,0,36,0,1.11,5.4,0,1,49,0,34203
Virginia,Radford,0,7,0,0.826,5,0,1,7,0,17483
Virginia,Rappahannock,0,0,0,0,3.5,0,0,5,0,7388
Virginia,Richmond City,77,469,468,0.419,4.4,42,53,331,236,223170
Virginia,Richmond County,0,5,0,0.358,3.8,0,0,0,0,8774
Virginia,Roanoke City,5,297,114,0.862,4.2,6,19,224,86,99660
Virginia,Roanoke County,6,107,35,0.749,3.4,0,8,95,19,94031
Virginia,Rockbridge,0,0,0,0.001,4.1,0,2,0,0,22392
Virginia,Rockingham,0,74,6,0.277,3.3,0,0,93,5,79744
Virginia,Russell,0,28,0,1.057,5.5,0,2,29,0,27370
Virginia,Salem,0,48,0,1.784,3.8,0,14,45,0,25549
Virginia,Scott,0,0,0,1.361,4.1,0,6,0,0,21930
Virginia,Shenandoah,0,73,12,0.534,3.5,0,1,42,0,43175
Virginia,Smyth,0,76,5,1.051,5.4,0,5,65,0,31062
Virginia,Southampton,0,0,0,0,3.8,0,0,0,7,18057
Virginia,Spotsylvania,19,135,100,0.545,3.7,0,4,161,83,132010
Virginia,Stafford,12,140,84,0.413,3.6,0,7,159,32,144361
Virginia,Staunton,0,0,0,1.449,3.7,0,3,0,0,24363
Virginia,Suffolk,0,89,41,0.753,4.2,0,4,42,35,89273
Virginia,Surry,0,0,0,0,4.5,0,0,0,0,6544
Virginia,Sussex,0,5,0,0.141,5.9,0,0,0,0,11504
Virginia,Tazewell,0,29,0,1.533,5.9,5,5,10,0,42150
Virginia,Virginia Beach,76,429,211,0.521,3.6,46,48,339,141,452602
Virginia,Warren,0,47,28,0.775,3.7,5,2,24,6,39155
Virginia,Washington,0,32,6,0.881,4.1,0,13,58,0,54214
Virginia,Waynesboro,0,0,0,1.69,4.1,0,0,0,8,21887
Virginia,Westmoreland,0,13,6,0.351,4.7,0,0,0,0,17592
Virginia,Williamsburg,0,0,0,0,5.3,0,1,0,0,15214
Virginia,Winchester,0,88,34,1.38,3.6,0,10,90,5,27516
Virginia,Wise,0,123,0,1.59,6.8,0,12,86,7,39228
Virginia,Wythe,0,0,0,0.912,5.2,0,5,0,6,29016
Virginia,York,0,46,31,0.403,3.6,0,1,39,24,67976
